[{
		"countryName": "Kenya",
		"iso2": "KE",
		"iso3": "KEN",
		"phoneCode": "254",
	    "county":[
	        { "code": "30", "name":"Baringo",
	          "subcounty":[
	            {"code": "1", "name" : "Mogotio"},
	            {"code": "2", "name" : "Koibatek"},
	            {"code": "3", "name" : "Marigat"},
	            {"code": "4", "name" : "Baringo Central"},
	            {"code": "5", "name" : "Baringo North"},
	            {"code": "6", "name" : "East Pokot"}
	            ]
	        },
	        

	        {
	          "code": "36", "name": "Bomet",
	          "subcounty":[
	              {"code": "1", "name":"Bomet East"},
	              {"code": "2", "name":"Chepalungu"},
	              {"code": "3", "name":"Sotik"},
	              {"code": "4", "name":"Konoin"}
	            ]
	        },

	        {
	          "code": "39", "name": "Bungoma",
	          "subcounty":[
	              {"code": "1", "name":"Bumula"},
	              {"code": "2", "name":"Bungoma South"},
	              {"code": "3", "name":"Bungoma Central"},
	              {"code": "4", "name":"Bungoma West"},
	              {"code": "4", "name" : "Kimilili"},
	              {"code": "5", "name" : "Bungoma North"},
	              {"code": "6", "name" : "Mt. Elgon"},
	              {"code": "7", "name" : "Webuye East"},
	              {"code": "8", "name" : "Webuye West"}
	              
	            ]
	        },

	        {
	            "code": "40", "name":"Busia",
	            "subcounty":[
	                {"code": "1", "name":"Teso North"},
	                {"code": "2", "name":"Teso South"},
	                {"code": "3", "name":"Busia"},
	                {"code": "4", "name":"Nambale"},
	                {"code": "5", "name":"Butula"},
	                {"code": "6", "name":"Bunyala"}
	             ]
	        },
	         
	        {
	            "code": "28", "name":"Elgeyo Marakwet",
	            "subcounty":[
	                {"code": "1", "name":"Keiyo"},
	                {"code": "2", "name":"Keiyo South"},
	                {"code": "3", "name":"Marakwet West"},
	                {"code": "4", "name":"Marakwet East"}
	            ]
	        },

	        {
	            "code": "14", "name":"Embu",
	            "subcounty":[
	                {"code": "1", "name":"Mbeere North"},
	                {"code": "2", "name":"Mbeere South"},
	                {"code": "3", "name":"Embu West"},
	                {"code": "4", "name":"Embu East"},
	                {"code": "5", "name":"Mt. Kenya Forest"}
	            ]
	        },
	        {
	            "code": "7", "name":"Garissa",
	            "subcounty":[
	                {"code": "1", "name":"Balambala"},
	                {"code": "2", "name":"Lagdera"},
	                {"code": "3", "name":"Dadaab"},
	                {"code": "4", "name":"Fafi"},
	                {"code": "5", "name":"Ijara"},
	                {"code": "6", "name": "Hulugho"}
	            ]
	        },
	        
	        {
	            "code": "43", "name":"Homa Bay",
	            
	            "subcounty":[
	                {"code": "1", "name":"Rachuonyo North"},
	                {"code": "2", "name":"Homabay"},
	                {"code": "3", "name":"Rachuonyo South"},
	                {"code": "4", "name": "Ndhiwa"},
	                {"code": "5", "name":"Mbita"},
	                {"code": "6", "name":"Suba"}
	            ]
	        } ,

	        {
	            "code": "11", "name":"Isiolo",
	            
	            "subcounty":[
	                {"code": "1", "name" :"Isiolo" },
	                {"code": "2", "name" :"Garbatulla" },
	                {"code": "3", "name" :"Merti" }
	            ]
	        },
	         {
	            "code": "34", "name":"Kajiado",
	            
	            "subcounty":[
	                {"code": "1", "name" :"Kajiado North"},
	                {"code": "2", "name" :"Kajiado Central"},
	                {"code": "3", "name" :"Isinya"},
	                {"code": "4", "name":"Loitokitok"},
	                {"code": "5", "name": "Mashuru"}
	                
	            ]
	        },
	         {
	            "code": "37", "name":"Kakamega",
	            
	            "subcounty":[
	                {"code": "1", "name":"Butere"},
	                {"code": "2", "name":"Kakamega central"},
	                {"code": "3", "name":"Navakholo"},
	                {"code": "4", "name":"Kakamega East"},
	                {"code": "5", "name":"Kakamega North"},
	                {"code": "6", "name":"Matete"},
	                {"code": "7", "name":"Kakamega South"},
	                {"code": "8", "name":"Likuyani"},
	                {"code": "9", "name":"Lugari"},
	                {"code": "10", "name":"Matungu"},
	                {"code": "11", "name":"Mumias"}
	            ]
	        },
	        {
	            "code": "35", "name":"Kericho",
	            
	            "subcounty":[
	                {"code": "1", "name":"Kericho East"},
	                {"code": "2", "name":"Kericho West"},
	                {"code": "3", "name":"Kericho Sigowet"},
	                {"code": "4", "name":"Kipkelion West"},
	                {"code": "5", "name":"Kipkelion East"},
	                {"code": "6", "name":"Bureti"}
	            ]

	        } ,
	        {
	            "code": "4", "name":"Tana River",
	            
	            "subcounty":[
	                {"code": "1", "name":"Tana River"},
	                {"code": "2", "name":"Tana Delta"}
	            ]
	        },
	        {
	            "code": "22", "name":"Kiambu",
	            
	            "subcounty":[
	                {"code": "1", "name": "Gatundu South"},
	                {"code": "2", "name": "Gatundu North"},
	                {"code": "3", "name": "Ruiru"},
	                {"code": "4", "name": "Thika East"},
	                {"code": "5", "name": "Thika West"},
	                {"code": "6", "name": "Githunguri"},
	                {"code": "7", "name": "Kiambu"},
	                {"code": "8", "name": "Limuru"},
	                {"code": "9", "name": "Kikuyu"},
	                {"code": "10", "name": "Lari"}
	                
	            ]
	        },
	        {
	            "code": "3", "name":"Kilifi",
	            
	            "subcounty":[
	                {"code": "1", "name": "Bahari"},
	                {"code": "2", "name": "Ganze"},
	                {"code": "3", "name": "Malindi"},
	                {"code": "4", "name": "Magarini"},
	                {"code": "5", "name": "Kaloleni"},
	                {"code": "6", "name": "Rabai"},
	                {"code": "7", "name": "Arabuko Sokoke Forest"}
	            ]
	        },
	        {
	            "code": "20", "name":"Kirinyaga",
	            
	            "subcounty":[
	                {"code": "1", "name": "Kirinyaga East"},
	                {"code": "2", "name": "Kirinyaga West"},
	                {"code": "3", "name": "Kirinyaga Central"},
	                {"code": "4", "name": "Mwea East"},
	                {"code": "5", "name": "Mwea West"},
	                {"code": "6", "name": "Forest Area"}
	            ]
	        },
	        {
	            "code": "45", "name":"Kisii",
	            
	            "subcounty":[
	                {"code": "1", "name": "Masaba South"},
	                {"code": "2", "name": "Kisii Central"},
	                {"code": "3", "name": "Marani"},
	                {"code": "4", "name": "Kisii South"},
	                {"code": "5", "name": "Gucha  South"},
	                {"code": "6", "name": "Gucha"},
	                {"code": "7", "name": "Nyamache"},
	                {"code": "8", "name": "Sameta"},
	                {"code": "9", "name": "Kenyenya"}
	                
	            ]
	        },
	         {
	            "code": "42", "name":"Kisumu",
	            
	            "subcounty":[
	                {"code": "1", "name": "Kisumu North"},
	                {"code": "2", "name": "Kisumu East"},
	                {"code": "3", "name": "Kisumu West"},
	                {"code": "4", "name": "Kisii South"},
	                {"code": "5", "name": "Nyando"},
	                {"code": "6", "name": "Muhoroni"},
	                {"code": "7", "name": "Nyakach"}
	                
	            ]
	        },
	        {
	            "code": "15", "name":"Kitui",
	            
	            "subcounty":[
	                {"code": "1", "name": "Kitui Central"},
	                {"code": "2", "name": "Kisasi"},
	                {"code": "3", "name": "Katulani"},
	                {"code": "4", "name": "Lower Yatta"},
	                {"code": "5", "name": "Kitui West"},
	                {"code": "6", "name": "Matinyani"},
	                {"code": "7", "name": "Mutomo"},
	                {"code": "8", "name": "Ikutha"},
	                {"code": "9", "name": "Mutito"},
	                {"code": "10", "name": "Nzambani"},
	                {"code": "11", "name": "Mwingi Central"},
	                {"code": "12", "name": "Migwani"},
	                {"code": "13", "name": "Mwingi East"},
	                {"code": "14", "name": "Kyuso"},
	                {"code": "15", "name": "Tseikuru"},
	                {"code": "16", "name":"Mumoni"}
	            ]
	        },
	        {
	            "code": "17", "name":"Makueni",
	            
	            "subcounty":[
	                {"code": "1", "name":"Kaiti"},
	                {"code": "2", "name":"Kibwezi East"},
	                {"code": "3", "name":"Kibwezi West"},
	                {"code": "4", "name":"Kilome"},
	                {"code": "5", "name":"Makueni"},
	                {"code": "6", "name":"Mbooni"}
	            ]
	        },
	         {
	            "code": "16", "name":"Machakos",
	            
	            "subcounty":[
	                {"code": "1", "name":"Machakos"},
	                {"code": "2", "name":"Kangundo"},
	                {"code": "3", "name":"Kathiani"},
	                {"code": "4", "name":"Athi River"},
	                {"code": "5", "name":"Yatta"},
	                {"code": "6", "name":"Masinga"},
	                {"code": "7", "name":"Matungulu"},
	                {"code": "8", "name":"Mwala"}
	            ]
	        },
	        {
	            "code": "5", "name":"Lamu",
	            
	            "subcounty":[
	                {"code": "1", "name":"Lamu West"},
	                {"code": "2", "name":"Lamu East"}
	            ]
	        },

	        {
	            "code": "31", "name":"Laikipia",
	            
	            "subcounty":[
	                {"code": "1", "name":"Laikipia Central"},
	                {"code": "2", "name":"Laikipia West"},
	                {"code": "3", "name":"Laikipia East"},
	                {"code": "4", "name":"Laikipia North"},
	                {"code": "5", "name":"Nyahururu"}
	            ]
	        },
	         {
	            "code": "2", "name":"Kwale",
	            
	            "subcounty":[
	                {"code": "1", "name":"Matuga"},
	                {"code": "2", "name":"Kinango"},
	                {"code": "3", "name":"Msambweni"}
	            ]
	        },
	         {
	            "code": "29", "name":"Nandi",
	            
	            "subcounty":[
	                {"code": "1", "name":"Nandi Central"},
	                {"code": "2", "name":"Nandi South"},
	                {"code": "3", "name":"Nandi North"},
	                {"code": "4", "name":"Nandi East"},
	                {"code": "5", "name":"Tinderet"}
	            ]
	        },
	        {
	            "code": "32", "name":"Nakuru",
	            
	            "subcounty":[
	                {"code": "1", "name":"Nakuru Town"},
	                {"code": "2", "name":"Naivasha"},
	                {"code": "3", "name":"Molo"},
	                {"code": "4", "name":"Njoro"},
	                {"code": "5", "name":"Kuresoi"},
	                {"code": "6", "name":"Rongai"},
	                {"code": "7", "name":"Nakuru North"},
	                {"code": "8", "name":"Subukia"},
	                {"code": "9", "name":"Gilgil"}
	            ]
	        },
	        {
	            "code": "47", "name":"Nairobi",
	            
	            "subcounty":[
	                {"code": "1", "name":"Starehe"},
	                {"code": "2", "name":"Kamukunji"},
	                {"code": "3", "name":"Kasarani"},
	                {"code": "4", "name":"Makadara"},
	                {"code": "5", "name":"Embakasi"},
	                {"code": "6", "name":"Njiru"},
	                {"code": "7", "name":"Dagoretti"},
	                {"code": "8", "name":"Langata"},
	                {"code": "9", "name":"Westlands"}
	            ]
	        },
			{
	            "code": "33", "name":"Narok",
	            
	            "subcounty":[
	                {"code": "1", "name":"Transmara West"},
	                {"code": "2", "name":"Transmara East"},
	                {"code": "3", "name":"Narok South"},
	                {"code": "4", "name":"Narok North"}
	            ]
	        },
	         {
	            "code": "21", "name":"Muranga",
	            
	            "subcounty":[
	                {"code": "1", "name":"Kiharu"},
	                {"code": "2", "name":"Kangema"},
	                {"code": "3", "name":"Mathioya"},
	                {"code": "4", "name":"Gatanga"},
	                {"code": "5", "name":"Kigumo"},
	                {"code": "6", "name":"Kandara"},
	                {"code": "7", "name":"Maragwa"}
	            ]
	        },
	        {
	            "code": "1", "name":"Mombasa",
	            
	            "subcounty":[
	                {"code": "1", "name":"Mvita"},
	                {"code": "2", "name":"kisauni"},
	                {"code": "3", "name":"Likoni"},
	                {"code": "4", "name":"Changamwe"}
	                
	            ]
	        },
	       {
	            "code": "44", "name":"Migori",
	            
	            "subcounty":[
	                {"code": "1", "name":"Migori"},
	                {"code": "2", "name":"Nyatike"},
	                {"code": "3", "name":"Kuria East"},
	                {"code": "4", "name":"Kuria West"},
	                {"code": "5", "name":"Awendo"},
	                {"code": "6", "name":"Uriri"},
	                {"code": "7", "name":"Rongo"}
	                
	            ]
	        },
	        {
	            "code": "12", "name":"Meru",
	            
	            "subcounty":[
	                {"code": "1", "name":"Tigania East"},
	                {"code": "2", "name":"Tigania West"},
	                {"code": "3", "name":"Igembe North"},
	                {"code": "4", "name":"Igembe South"},
	                {"code": "5", "name":"Imenti North"},
	                {"code": "6", "name":"Buuri "},
	                {"code": "7", "name":"Imenti South"},
	                {"code": "8", "name": "Meru Central"}
	                
	            ]
	        },
	        {
	            "code": "10", "name":"Marsabit",
	            
	            "subcounty":[
	                {"code": "1", "name":"Marsabit Central"},
	                {"code": "2", "name":"Marsabit South"},
	                {"code": "3", "name":"Loiyangalani"},
	                {"code": "4", "name":"Marsabit North"},
	                {"code": "5", "name":"North Horr"},
	                {"code": "6", "name":"Moyale"},
	                {"code": "7", "name":"Sololo"}
	                
	            ]
	        },
	        {
	            "code": "9", "name":"Mandera",
	            
	            "subcounty":[
	                {"code": "1", "name":"Banissa"},
	                {"code": "2", "name":"Mandera West"},
	                {"code": "3", "name":"Mandera East"},
	                {"code": "4", "name":"Lafey"},
	                {"code": "5", "name":"Mandera North"},
	                {"code": "6", "name":"Mandera South"}
	            ]
	        },
	        {
	            "code": "13", "name":"Tharaka Nithi",
	            
	            "subcounty":[
	                {"code": "1", "name":"Tharaka North"},
	                {"code": "2", "name":"Nyamira North"},
	                {"code": "3", "name":"Tharaka South"},
	                {"code": "4", "name":"Meru South"},
	                {"code": "5", "name":"Maara"}
	               
	            ]
	        },
	         {
	            "code": "38", "name":"Vihiga",
	            
	            "subcounty":[
	                {"code": "1", "name":"Vihiga"},
	                {"code": "2", "name":"Sabatia"},
	                {"code": "3", "name":"Emuhaya"},
	                {"code": "4", "name":"Luanda"},
	                {"code": "5", "name":"Hamisi"}
	               
	            ]
	        },
	        {
	            "code": "23", "name":"Turkana",
	            
	            "subcounty":[
	                {"code": "1", "name":"Turkana South"},
	                {"code": "2", "name":"Turkana East"},
	                {"code": "3", "name":"Turkana North"},
	                {"code": "4", "name":"Turkana West"},
	                {"code": "5", "name":"Turkana Central"},
	                {"code": "6", "name" : "Loima"}
	            ]
	        },
	        {
	            "code": "27", "name":"Uasin Gishu",
	            
	            "subcounty":[
	                {"code": "1", "name":"Wareng"},
	                {"code": "2", "name":"Eldoret East"},
	                {"code": "3", "name":"Eldoret West"}
	               
	            ]
	        },
	        {
	            "code": "26", "name":"Trans Nzoia",
	            
	            "subcounty":[
	                {"code": "1", "name":"Trans Nzoia West"},
	                {"code": "2", "name":"Trans Nzoia East"},
	                {"code": "3", "name":"Kwanza"}
	               
	            ]
	        },
	        {
	            "code": "24", "name":"West Pokot",
	            
	            "subcounty":[
	                {"code": "1", "name":"South Pokot"},
	                {"code": "2", "name":"Pokot Central"},
	                {"code": "3", "name":"Pokot"},
	                {"code": "4", "name":"West Pokot"}
	                
	            ]
	        },

	        {
	            "code": "8", "name":"Wajir",
	            
	            "subcounty":[
	                {"code": "1", "name":"Wajir East"},
	                {"code": "2", "name":"Tarbaj"},
	                {"code": "3", "name":"Eldas"},
	                {"code": "4", "name":"Wajir West"},
	                {"code": "5", "name":"Habaswein"},
	                {"code": "6", "name":"Wajir South"},
	                {"code": "7", "name":"Wajir North"},
	                {"code": "8", "name":"Buna"}
	                
	            ]
	        },
	         {
	            "code": "6", "name":"Taita",
	            
	            "subcounty":[
	                {"code": "1", "name":"Taveta"},
	                {"code": "2", "name":"Wundanyi"},
	                {"code": "3", "name":"Mwatate"},
	                {"code": "4", "name":"Voi"}
	            ]
	        },
	        {
	            "code": "41", "name":"Siaya",
	            
	            "subcounty":[
	                {"code": "1", "name":"Siaya"},
	                {"code": "2", "name":"Gem"},
	                {"code": "3", "name":"Ugenya"},
	                {"code": "4", "name":"Ugunja"},
	                {"code": "5", "name":"Bondo"},
	                {"code": "6", "name":"Rarienda"}
	            ]
	        },
	        {
	            "code": "25", "name":"Samburu",
	            
	            "subcounty":[
	                {"code": "1", "name":"Samburu Central"},
	                {"code": "2", "name":"Samburu East"},
	                {"code": "3", "name":"Samburu North"}
	            ]
	        },
	        {
	            "code": "19", "name":"Nyeri",
	            
	            "subcounty":[
	                {"code": "1", "name":"Mathira East"},
	                {"code": "2", "name":"Mathira West"},
	                {"code": "3", "name":"Kieni West"},
	                {"code": "4", "name":"Kieni East"},
	                {"code": "5", "name":"Tetu"},
	                {"code": "6", "name":"Mukurwe-ini"},
	                {"code": "7", "name":"Nyeri central"},
	                {"code": "8", "name":"Nyeri South"}
	            ]
	        },
	          {
	            "code": "18", "name":"Nyandarua",
	            
	            "subcounty":[
	                {"code": "1", "name":"Kinangop"},
	                {"code": "2", "name":"Kipipiri"},
	                {"code": "3", "name":"Ol’kalou"},
	                {"code": "4", "name":"Nyandarua West"},
	                {"code": "5", "name":"Nyandarua North"},
	                {"code": "6", "name":"Aberdare forest"}
	            ]
	        },
	        {
	            "code": "46", "name":"Nyamira",
	            
	            "subcounty":[
	                {"code": "1", "name":"Nyamira"},
	                {"code": "2", "name":"Nyamira North"},
	                {"code": "3", "name":"Borabu"},
	                {"code": "4", "name":"Manga"},
	                {"code": "5", "name":"Masaba North"}
	            ]
	        }

	      ]
},
{
	"countryName": "Afghanistan",
	"iso2": "AF",
	"iso3": "AFG",
	"phoneCode": "93",
	"available" : "0",
    "county": [{
		"code": "93",
		"name": "Afghanistan",
		"subcounty": [{
			"code": "93",
			"name": "Afghanistan"
		}]
	}]
}, {
	"countryName": "Albania",
	"iso2": "AL",
	"iso3": "ALB",
	"phoneCode": "355",
	"available" : "0",
    "county": [{
		"code": "355",
		"name": "Albania",
		"subcounty": [{
			"code": "355",
			"name": "Albania"
		}]
	}]
}, {
	"countryName": "Algeria",
	"iso2": "DZ",
	"iso3": "DZA",
	"phoneCode": "213",
	"available" : "0",
    "county": [{
		"code": "213",
		"name": "Algeria",
		"subcounty": [{
			"code": "213",
			"name": "Algeria"
		}]
	}]
}, {
	"countryName": "American Samoa",
	"iso2": "AS",
	"iso3": "ASM",
	"phoneCode": "684",
	"available" : "0",
    "county": [{
		"code": "684",
		"name": "American Samoa",
		"subcounty": [{
			"code": "684",
			"name": "American Samoa"
		}]
	}]
}, {
	"countryName": "Andorra",
	"iso2": "AD",
	"iso3": "AND",
	"phoneCode": "376",
	"available" : "0",
    "county": [{
		"code": "376",
		"name": "Andorra",
		"subcounty": [{
			"code": "376",
			"name": "Andorra"
		}]
	}]
}, {
	"countryName": "Angola",
	"iso2": "AO",
	"iso3": "AGO",
	"phoneCode": "244",
	"available" : "0",
    "county": [{
		"code": "244",
		"name": "Angola",
		"subcounty": [{
			"code": "244",
			"name": "Angola"
		}]
	}]
}, {
	"countryName": "Anguilla",
	"iso2": "AI",
	"iso3": "AIA",
	"phoneCode": "264",
	"available" : "0",
    "county": [{
		"code": "264",
		"name": "Anguilla",
		"subcounty": [{
			"code": "264",
			"name": "Anguilla"
		}]
	}]
}, {
	"countryName": "Antarctica",
	"iso2": "AQ",
	"iso3": "ATA",
	"phoneCode": "672",
	"available" : "0",
    "county": [{
		"code": "672",
		"name": "Antarctica",
		"subcounty": [{
			"code": "672",
			"name": "Antarctica"
		}]
	}]
}, {
	"countryName": "Antigua and Barbuda",
	"iso2": "AG",
	"iso3": "ATG",
	"phoneCode": "268",
	"available" : "0",
    "county": [{
		"code": "268",
		"name": "Antigua and Barbuda",
		"subcounty": [{
			"code": "268",
			"name": "Antigua and Barbuda"
		}]
	}]
}, {
	"countryName": "Argentina",
	"iso2": "AR",
	"iso3": "ARG",
	"phoneCode": "54",
	"available" : "0",
    "county": [{
		"code": "54",
		"name": "Argentina",
		"subcounty": [{
			"code": "54",
			"name": "Argentina"
		}]
	}]
}, {
	"countryName": "Armenia",
	"iso2": "AM",
	"iso3": "ARM",
	"phoneCode": "374",
	"available" : "0",
    "county": [{
		"code": "374",
		"name": "Armenia",
		"subcounty": [{
			"code": "374",
			"name": "Armenia"
		}]
	}]
}, {
	"countryName": "Aruba",
	"iso2": "AW",
	"iso3": "ABW",
	"phoneCode": "297",
	"available" : "0",
    "county": [{
		"code": "297",
		"name": "Aruba",
		"subcounty": [{
			"code": "297",
			"name": "Aruba"
		}]
	}]
}, {
	"countryName": "Australia",
	"iso2": "AU",
	"iso3": "AUS",
	"phoneCode": "61",
	"available" : "0",
    "county": [{
		"code": "61",
		"name": "Australia",
		"subcounty": [{
			"code": "61",
			"name": "Australia"
		}]
	}]
}, {
	"countryName": "Austria",
	"iso2": "AT",
	"iso3": "AUT",
	"phoneCode": "43",
	"available" : "0",
    "county": [{
		"code": "43",
		"name": "Austria",
		"subcounty": [{
			"code": "43",
			"name": "Austria"
		}]
	}]
}, {
	"countryName": "Azerbaijan",
	"iso2": "AZ",
	"iso3": "AZE",
	"phoneCode": "994",
	"available" : "0",
    "county": [{
		"code": "994",
		"name": "Azerbaijan",
		"subcounty": [{
			"code": "994",
			"name": "Azerbaijan"
		}]
	}]
}, {
	"countryName": "Bahamas",
	"iso2": "BS",
	"iso3": "BHS",
	"phoneCode": "242",
	"available" : "0",
    "county": [{
		"code": "Bahamas",
		"name": "242",
		"subcounty": [{
			"code": "242",
			"name": "Bahamas"
		}]
	}]
}, {
	"countryName": "Bahrain",
	"iso2": "BH",
	"iso3": "BHR",
	"phoneCode": "973",
	"available" : "0",
    "county": [{
		"code": "973",
		"name": "Bahrain",
		"subcounty": [{
			"code": "973",
			"name": "Bahrain"
		}]
	}]
}, {
	"countryName": "Bangladesh",
	"iso2": "BD",
	"iso3": "BGD",
	"phoneCode": "880",
	"available" : "0",
    "county": [{
		"code": "880",
		"name": "Bangladesh",
		"subcounty": [{
			"code": "880",
			"name": "Bangladesh"
		}]
	}]
}, {
	"countryName": "Barbados",
	"iso2": "BB",
	"iso3": "BRB",
	"phoneCode": "246",
	"available" : "0",
    "county": [{
		"code": "246",
		"name": "Barbados",
		"subcounty": [{
			"code": "246",
			"name": "Barbados"
		}]
	}]
}, {
	"countryName": "Belarus",
	"iso2": "BY",
	"iso3": "BLR",
	"phoneCode": "375",
	"available" : "0",
    "county": [{
		"code": "375",
		"name": "Belarus",
		"subcounty": [{
			"code": "375",
			"name": "Belarus"
		}]
	}]
}, {
	"countryName": "Belgium",
	"iso2": "BE",
	"iso3": "BEL",
	"phoneCode": "32",
	"available" : "0",
    "county": [{
		"code": "32",
		"name": "Belgium",
		"subcounty": [{
			"code": "32",
			"name": "Belgium"
		}]
	}]
}, {
	"countryName": "Belize",
	"iso2": "BZ",
	"iso3": "BLZ",
	"phoneCode": "501",
	"available" : "0",
    "county": [{
		"code": "501",
		"name": "Belize",
		"subcounty": [{
			"code": "501",
			"name": "Belize"
		}]
	}]
}, {
	"countryName": "Benin",
	"iso2": "BJ",
	"iso3": "BEN",
	"phoneCode": "229",
	"available" : "0",
    "county": [{
		"code": "229",
		"name": "Benin",
		"subcounty": [{
			"code": "229",
			"name": "Benin"
		}]
	}]
}, {
	"countryName": "Bermuda",
	"iso2": "BM",
	"iso3": "BMU",
	"phoneCode": "441",
	"available" : "0",
    "county": [{
		"code": "441",
		"name": "Bermuda",
		"subcounty": [{
			"code": "441",
			"name": "Bermuda"
		}]
	}]
}, {
	"countryName": "Bhutan",
	"iso2": "BT",
	"iso3": "BTN",
	"phoneCode": "975",
	"available" : "0",
    "county": [{
		"code": "975",
		"name": "Bhutan",
		"subcounty": [{
			"code": "975",
			"name": "Bhutan"
		}]
	}]
}, {
	"countryName": "Bolivia",
	"iso2": "BO",
	"iso3": "BOL",
	"phoneCode": "591",
	"available" : "0",
    "county": [{
		"code": "591",
		"name": "Bolivia",
		"subcounty": [{
			"code": "591",
			"name": "Bolivia"
		}]
	}]
}, {
	"countryName": "Bosnia and Herzegovina",
	"iso2": "BA",
	"iso3": "BIH",
	"phoneCode": "387",
	"available" : "0",
    "county": [{
		"code": "387",
		"name": "Bosnia and Herzegovina",
		"subcounty": [{
			"code": "387",
			"name": "Bosnia and Herzegovina"
		}]
	}]
}, {
	"countryName": "Botswana",
	"iso2": "BW",
	"iso3": "BWA",
	"phoneCode": "267",
	"available" : "0",
    "county": [{
		"code": "267",
		"name": "Botswana",
		"subcounty": [{
			"code": "267",
			"name": "Botswana"
		}]
	}]
}, {
	"countryName": "Brazil",
	"iso2": "BR",
	"iso3": "BRA",
	"phoneCode": "55",
	"available" : "0",
    "county": [{
		"code": "55",
		"name": "Brazil",
		"subcounty": [{
			"code": "55",
			"name": "Brazil"
		}]
	}]
}, {
	"countryName": "British Indian Ocean Territory",
	"iso2": "IO",
	"iso3": "IOT",
	"phoneCode": "IO",
	"available" : "0",
    "county": [{
		"code": "IO",
		"name": "British Indian Ocean Territory",
		"subcounty": [{
			"code": "IO",
			"name": "British Indian Ocean Territory"
		}]
	}]
}, {
	"countryName": "British Virgin Islands",
	"iso2": "VG",
	"iso3": "VGB",
	"phoneCode": "284",
	"available" : "0",
    "county": [{
		"code": "284",
		"name": "British Virgin Islands",
		"subcounty": [{
			"code": "284",
			"name": "British Virgin Islands"
		}]
	}]
}, {
	"countryName": "Brunei",
	"iso2": "BN",
	"iso3": "BRN",
	"phoneCode": "673",
	"available" : "0",
    "county": [{
		"code": "673",
		"name": "Brunei",
		"subcounty": [{
			"code": "673",
			"name": "Brunei"
		}]
	}]
}, {
	"countryName": "Bulgaria",
	"iso2": "BG",
	"iso3": "BGR",
	"phoneCode": "359",
	"available" : "0",
    "county": [{
		"code": "359",
		"name": "Bulgaria",
		"subcounty": [{
			"code": "359",
			"name": "Bulgaria"
		}]
	}]
}, {
	"countryName": "Burkina Faso",
	"iso2": "BF",
	"iso3": "BFA",
	"phoneCode": "226",
	"available" : "0",
    "county": [{
		"code": "226",
		"name": "Burkina Faso",
		"subcounty": [{
			"code": "226",
			"name": "Burkina Faso"
		}]
	}]
}, {
	"countryName": "Burma (Myanmar)",
	"iso2": "MM",
	"iso3": "MMR",
	"phoneCode": "95",
	"available" : "0",
    "county": [{
		"code": "95",
		"name": "Burma (Myanmar)",
		"subcounty": [{
			"code": "95",
			"name": "Burma (Myanmar)"
		}]
	}]
}, {
	"countryName": "Burundi",
	"iso2": "BI",
	"iso3": "BDI",
	"phoneCode": "257",
	"available" : "0",
    "county": [{
		"code": "257",
		"name": "Burundi",
		"subcounty": [{
			"code": "257",
			"name": "Burundi"
		}]
	}]
}, {
	"countryName": "Cambodia",
	"iso2": "KH",
	"iso3": "KHM",
	"phoneCode": "855",
	"available" : "0",
    "county": [{
		"code": "855",
		"name": "Cambodia",
		"subcounty": [{
			"code": "855",
			"name": "Cambodia"
		}]
	}]
}, {
	"countryName": "Cameroun",
	"iso2": "CM",
	"iso3": "CMR",
	"phoneCode": "237",
	"available" : "0",
    "county": [{
		"code": "237",
		"name": "Cameroun",
		"subcounty": [{
			"code": "237",
			"name": "Cameroun"
		}]
	}]
}, {
	"countryName": "Canada",
	"iso2": "CA",
	"iso3": "CAN",
	"phoneCode": "1CA",
	"available" : "0",
    "county": [{
		"code": "1CA",
		"name": "Canada",
		"subcounty": [{
			"code": "1CA",
			"name": "Canada"
		}]
	}]
}, {
	"countryName": "Cape Verde",
	"iso2": "CV",
	"iso3": "CPV",
	"phoneCode": "238",
	"available" : "0",
    "county": [{
		"code": "238",
		"name": "Cape Verde",
		"subcounty": [{
			"code": "238",
			"name": "Cape Verde"
		}]
	}]
}, {
	"countryName": "Cayman Islands",
	"iso2": "KY",
	"iso3": "CYM",
	"phoneCode": "345",
	"available" : "0",
    "county": [{
		"code": "345",
		"name": "Cayman Islands",
		"subcounty": [{
			"code": "345",
			"name": "Cayman Islands"
		}]
	}]
}, {
	"countryName": "Central African Republic",
	"iso2": "CF",
	"iso3": "CAF",
	"phoneCode": "236",
	"available" : "0",
    "county": [{
		"code": "236",
		"name": "Central African Republic",
		"subcounty": [{
			"code": "236",
			"name": "Central African Republic"
		}]
	}]
}, {
	"countryName": "Chad",
	"iso2": "TD",
	"iso3": "TCD",
	"phoneCode": "235",
	"available" : "0",
    "county": [{
		"code": "235",
		"name": "Chad",
		"subcounty": [{
			"code": "235",
			"name": "Chad"
		}]
	}]
}, {
	"countryName": "Chile",
	"iso2": "CL",
	"iso3": "CHL",
	"phoneCode": "56",
	"available" : "0",
    "county": [{
		"code": "56",
		"name": "Chile",
		"subcounty": [{
			"code": "56",
			"name": "Chile"
		}]
	}]
}, {
	"countryName": "China",
	"iso2": "CN",
	"iso3": "CHN",
	"phoneCode": "86",
	"available" : "0",
    "county": [{
		"code": "86",
		"name": "China",
		"subcounty": [{
			"code": "86",
			"name": "China"
		}]
	}]
}, {
	"countryName": "Christmas Island",
	"iso2": "CX",
	"iso3": "CXR",
	"phoneCode": "61",
	"available" : "0",
    "county": [{
		"code": "61",
		"name": "Christmas Island",
		"subcounty": [{
			"code": "61",
			"name": "Christmas Island"
		}]
	}]
}, {
	"countryName": "Cocos (Keeling) Islands",
	"iso2": "CC",
	"iso3": "CCK",
	"phoneCode": "61",
	"available" : "0",
    "county": [{
		"code": "61",
		"name": "Cocos (Keeling) Islands",
		"subcounty": [{
			"code": "61",
			"name": "Cocos (Keeling) Islands"
		}]
	}]
}, {
	"countryName": "Colombia",
	"iso2": "CO",
	"iso3": "COL",
	"phoneCode": "57",
	"available" : "0",
    "county": [{
		"code": "57",
		"name": "Colombia",
		"subcounty": [{
			"code": "57",
			"name": "Colombia"
		}]
	}]
}, {
	"countryName": "Comoros",
	"iso2": "KM",
	"iso3": "COM",
	"phoneCode": "269",
	"available" : "0",
    "county": [{
		"code": "269",
		"name": "Comoros",
		"subcounty": [{
			"code": "269",
			"name": "Comoros"
		}]
	}]
}, {
	"countryName": "Cook Islands",
	"iso2": "CK",
	"iso3": "COK",
	"phoneCode": "682",
	"available" : "0",
    "county": [{
		"code": "682",
		"name": "Cook Islands",
		"subcounty": [{
			"code": "682",
			"name": "Cook Islands"
		}]
	}]
}, {
	"countryName": "Costa Rica",
	"iso2": "CR",
	"iso3": "CRC",
	"phoneCode": "506",
	"available" : "0",
    "county": [{
		"code": "506",
		"name": "Costa Rica",
		"subcounty": [{
			"code": "506",
			"name": "Costa Rica"
		}]
	}]
}, {
	"countryName": "Croatia",
	"iso2": "HR",
	"iso3": "HRV",
	"phoneCode": "385",
	"available" : "0",
    "county": [{
		"code": "385",
		"name": "Croatia",
		"subcounty": [{
			"code": "385",
			"name": "Croatia"
		}]
	}]
}, {
	"countryName": "Cuba",
	"iso2": "CU",
	"iso3": "CUB",
	"phoneCode": "53",
	"available" : "0",
    "county": [{
		"code": "53",
		"name": "Cuba",
		"subcounty": [{
			"code": "53",
			"name": "Cuba"
		}]
	}]
}, {
	"countryName": "Cyprus",
	"iso2": "CY",
	"iso3": "CYP",
	"phoneCode": "357",
	"available" : "0",
    "county": [{
		"code": "357",
		"name": "Cyprus",
		"subcounty": [{
			"code": "357",
			"name": "Cyprus"
		}]
	}]
}, {
	"countryName": "Czech Republic",
	"iso2": "CZ",
	"iso3": "CZE",
	"phoneCode": "420",
	"available" : "0",
    "county": [{
		"code": "420",
		"name": "Czech Republic",
		"subcounty": [{
			"code": "420",
			"name": "Czech Republic"
		}]
	}]
}, {
	"countryName": "Democratic Republic of the Congo",
	"iso2": "CD",
	"iso3": "COD",
	"phoneCode": "243",
	"available" : "0",
    "county": [{
		"code": "243",
		"name": "Democratic Republic of the Congo",
		"subcounty": [{
			"code": "243",
			"name": "Democratic Republic of the Congo"
		}]
	}]
}, {
	"countryName": "Denmark",
	"iso2": "DK",
	"iso3": "DNK",
	"phoneCode": "45",
	"available" : "0",
    "county": [{
		"code": "45",
		"name": "Denmark",
		"subcounty": [{
			"code": "45",
			"name": "Denmark"
		}]
	}]
}, {
	"countryName": "Djibouti",
	"iso2": "DJ",
	"iso3": "DJI",
	"phoneCode": "253",
	"available" : "0",
    "county": [{
		"code": "253",
		"name": "Djibouti",
		"subcounty": [{
			"code": "253",
			"name": "Djibouti"
		}]
	}]
}, {
	"countryName": "Dominica",
	"iso2": "DM",
	"iso3": "DMA",
	"phoneCode": "",
	"available" : "0",
    "county": [{
		"code": "767",
		"name": "Dominica",
		"subcounty": [{
			"code": "767",
			"name": "Dominica"
		}]
	}]
}, {
	"countryName": "Dominican Republic",
	"iso2": "DO",
	"iso3": "DOM",
	"phoneCode": "809",
	"available" : "0",
    "county": [{
		"code": "809",
		"name": "Dominican Republic",
		"subcounty": [{
			"code": "809",
			"name": "Dominican Republic"
		}]
	}]
}, {
	"countryName": "Ecuador",
	"iso2": "EC",
	"iso3": "ECU",
	"phoneCode": "593",
	"available" : "0",
    "county": [{
		"code": "593",
		"name": "Ecuador",
		"subcounty": [{
			"code": "593",
			"name": "Ecuador"
		}]
	}]
}, {
	"countryName": "Egypt",
	"iso2": "EG",
	"iso3": "EGY",
	"phoneCode": "20",
	"available" : "0",
    "county": [{
		"code": "20",
		"name": "Egypt",
		"subcounty": [{
			"code": "20",
			"name": "Egypt"
		}]
	}]
}, {
	"countryName": "El Salvador",
	"iso2": "SV",
	"iso3": "SLV",
	"phoneCode": "503",
	"available" : "0",
    "county": [{
		"code": "503",
		"name": "El Salvador",
		"subcounty": [{
			"code": "503",
			"name": "El Salvador"
		}]
	}]
}, {
	"countryName": "Equatorial Guinea",
	"iso2": "GQ",
	"iso3": "GNQ",
	"phoneCode": "240",
	"available" : "0",
    "county": [{
		"code": "240",
		"name": "Equatorial Guinea",
		"subcounty": [{
			"code": "240",
			"name": "Equatorial Guinea"
		}]
	}]
}, {
	"countryName": "Eritrea",
	"iso2": "ER",
	"iso3": "ERI",
	"phoneCode": "291",
	"available" : "0",
    "county": [{
		"code": "291",
		"name": "Eritrea",
		"subcounty": [{
			"code": "291",
			"name": "Eritrea"
		}]
	}]
}, {
	"countryName": "Estonia",
	"iso2": "EE",
	"iso3": "EST",
	"phoneCode": "372",
	"available" : "0",
    "county": [{
		"code": "372",
		"name": "Estonia",
		"subcounty": [{
			"code": "372",
			"name": "Estonia"
		}]
	}]
}, {
	"countryName": "Ethiopia",
	"iso2": "ET",
	"iso3": "ETH",
	"phoneCode": "251",
	"available" : "0",
    "county": [{
		"code": "251",
		"name": "Ethiopia",
		"subcounty": [{
			"code": "251",
			"name": "Ethiopia"
		}]
	}]
}, {
	"countryName": "Falkland Islands",
	"iso2": "FK",
	"iso3": "FLK",
	"phoneCode": "500",
	"available" : "0",
    "county": [{
		"code": "500",
		"name": "Falkland Islands",
		"subcounty": [{
			"code": "500",
			"name": "Falkland Islands"
		}]
	}]
}, {
	"countryName": "Faroe Islands",
	"iso2": "FO",
	"iso3": "FRO",
	"phoneCode": "298",
	"available" : "0",
    "county": [{
		"code": "298",
		"name": "Faroe Islands",
		"subcounty": [{
			"code": "298",
			"name": "Faroe Islands"
		}]
	}]
}, {
	"countryName": "Fiji",
	"iso2": "FJ",
	"iso3": "FJI",
	"phoneCode": "679",
	"available" : "0",
    "county": [{
		"code": "679",
		"name": "Fiji",
		"subcounty": [{
			"code": "679",
			"name": "Fiji"
		}]
	}]
}, {
	"countryName": "Finland",
	"iso2": "FI",
	"iso3": "FIN",
	"phoneCode": "358",
	"available" : "0",
    "county": [{
		"code": "358",
		"name": "Finland",
		"subcounty": [{
			"code": "358",
			"name": "Finland"
		}]
	}]
}, {
	"countryName": "France",
	"iso2": "FR",
	"iso3": "FRA",
	"phoneCode": "33",
	"available" : "0",
    "county": [{
		"code": "33",
		"name": "France",
		"subcounty": [{
			"code": "33",
			"name": "France"
		}]
	}]
}, {
	"countryName": "French Polynesia",
	"iso2": "PF",
	"iso3": "PYF",
	"phoneCode": "689",
	"available" : "0",
    "county": [{
		"code": "689",
		"name": "French Polynesia",
		"subcounty": [{
			"code": "689",
			"name": "French Polynesia"
		}]
	}]
}, {
	"countryName": "Gabon",
	"iso2": "GA",
	"iso3": "GAB",
	"phoneCode": "241",
	"available" : "0",
    "county": [{
		"code": "241",
		"name": "Gabon",
		"subcounty": [{
			"code": "241",
			"name": "Gabon"
		}]
	}]
}, {
	"countryName": "Gambia",
	"iso2": "GM",
	"iso3": "GMB",
	"phoneCode": "220",
	"available" : "0",
    "county": [{
		"code": "220",
		"name": "Gambia",
		"subcounty": [{
			"code": "220",
			"name": "Gambia"
		}]
	}]
}, {
	"countryName": "Gaza Strip",
	"iso2": "",
	"iso3": "",
	"phoneCode": "970",
	"available" : "0",
    "county": [{
		"code": "970",
		"name": "Gaza Strip",
		"subcounty": [{
			"code": "970",
			"name": "Gaza Strip"
		}]
	}]
}, {
	"countryName": "Georgia",
	"iso2": "GE",
	"iso3": "GEO",
	"phoneCode": "995",
	"available" : "0",
    "county": [{
		"code": "995",
		"name": "Georgia",
		"subcounty": [{
			"code": "995",
			"name": "Georgia"
		}]
	}]
}, {
	"countryName": "Germany",
	"iso2": "DE",
	"iso3": "DEU",
	"phoneCode": "49",
	"available" : "0",
    "county": [{
		"code": "49",
		"name": "Germany",
		"subcounty": [{
			"code": "49",
			"name": "Germany"
		}]
	}]
}, {
	"countryName": "Ghana",
	"iso2": "GH",
	"iso3": "GHA",
	"phoneCode": "233",
	"available" : "0",
    "county": [
    {
          "code": "AF",
          "name": "Ahafo",
		"subcounty": [{
			"code": "AF",
			"name": "Ahafo"
		}]
      },{
          "code": "AH",
          "name": "Ashanti",
		"subcounty": [{
			"code": "AH",
			"name": "Ashanti"
		}]
      }, {
          "code": "BO",
          "name": "Bono",
		"subcounty": [{
			"code": "BO",
			"name": "Bono"
		}]
      },{
          "code": "BE",
          "name": "Bono East",
		"subcounty": [{
			"code": "BE",
			"name": "Bono East"
		}]
      }, {
          "code": "CP",
          "name": "Central",
		"subcounty": [{
			"code": "CP",
			"name": "Central"
		}]
      }, {
          "code": "EP",
          "name": "Eastern",
		"subcounty": [{
			"code": "EP",
			"name": "Eastern"
		}]
      }, {
          "code": "AA",
          "name": "Greater Accra",
		"subcounty": [{
			"code": "AA",
			"name": "Greater Accra"
		}]
      }, {
          "code": "NE",
          "name": "North East",
		"subcounty": [{
			"code": "NE",
			"name": "North East"
		}]
      }, {
          "code": "NP",
          "name": "Northern",
		"subcounty": [{
			"code": "NP",
			"name": "Northern"
		}]
      }, {
          "code": "OT",
          "name": "Oti",
		"subcounty": [{
			"code": "OT",
			"name": "Oti"
		}]
      }, {
          "code": "SV",
          "name": "Savannah",
		"subcounty": [{
			"code": "SV",
			"name": "Savannah"
		}]
      }, {
          "code": "UE",
          "name": "Upper East",
		"subcounty": [{
			"code": "UE",
			"name": "Upper East"
		}]
      }, {
          "code": "UW",
          "name": "Upper West",
		"subcounty": [{
			"code": "UW",
			"name": "Upper West"
		}]
      }, {
          "code": "TV",
          "name": "Volta",
		"subcounty": [{
			"code": "TV",
			"name": "Volta"
		}]
      }, {
          "code": "WP",
          "name": "Western",
		"subcounty": [{
			"code": "WP",
			"name": "Western"
		}]
      }, {
          "code": "WN",
          "name": "Western North",
		"subcounty": [{
			"code": "WN",
			"name": "Western North"
		}]
      }

]}, {
	"countryName": "Gibraltar",
	"iso2": "GI",
	"iso3": "GIB",
	"phoneCode": "350",
	"available" : "0",
    "county": [{
		"code": "350",
		"name": "Gibraltar",
		"subcounty": [{
			"code": "350",
			"name": "Gibraltar"
		}]
	}]
}, {
	"countryName": "Greece",
	"iso2": "GR",
	"iso3": "GRC",
	"phoneCode": "30",
	"available" : "0",
    "county": [{
		"code": "30",
		"name": "Greece",
		"subcounty": [{
			"code": "30",
			"name": "Greece"
		}]
	}]
}, {
	"countryName": "Greenland",
	"iso2": "GL",
	"iso3": "GRL",
	"phoneCode": "299",
	"available" : "0",
    "county": [{
		"code": "299",
		"name": "Greenland",
		"subcounty": [{
			"code": "299",
			"name": "Greenland"
		}]
	}]
}, {
	"countryName": "Grenada",
	"iso2": "GD",
	"iso3": "GRD",
	"phoneCode": "473",
	"available" : "0",
    "county": [{
		"code": "473",
		"name": "Grenada",
		"subcounty": [{
			"code": "473",
			"name": "Grenada"
		}]
	}]
}, {
	"countryName": "Guam",
	"iso2": "GU",
	"iso3": "GUM",
	"phoneCode": "671",
	"available" : "0",
    "county": [{
		"code": "671",
		"name": "Guam",
		"subcounty": [{
			"code": "671",
			"name": "Guam"
		}]
	}]
}, {
	"countryName": "Guatemala",
	"iso2": "GT",
	"iso3": "GTM",
	"phoneCode": "502",
	"available" : "0",
    "county": [{
		"code": "502",
		"name": "Guatemala",
		"subcounty": [{
			"code": "502",
			"name": "Guatemala"
		}]
	}]
}, {
	"countryName": "Guinea",
	"iso2": "GN",
	"iso3": "GIN",
	"phoneCode": "224",
	"available" : "0",
    "county": [{
		"code": "224",
		"name": "Guinea",
		"subcounty": [{
			"code": "224",
			"name": "Guinea"
		}]
	}]
}, {
	"countryName": "Guinea-Bissau",
	"iso2": "GW",
	"iso3": "GNB",
	"phoneCode": "245",
	"available" : "0",
    "county": [{
		"code": "245",
		"name": "Guinea-Bissau",
		"subcounty": [{
			"code": "245",
			"name": "Guinea-Bissau"
		}]
	}]
}, {
	"countryName": "Guyana",
	"iso2": "GY",
	"iso3": "GUY",
	"phoneCode": "592",
	"available" : "0",
    "county": [{
		"code": "592",
		"name": "Guyana",
		"subcounty": [{
			"code": "592",
			"name": "Guyana"
		}]
	}]
}, {
	"countryName": "Haiti",
	"iso2": "HT",
	"iso3": "HTI",
	"phoneCode": "509",
	"available" : "0",
    "county": [{
		"code": "509",
		"name": "Haiti",
		"subcounty": [{
			"code": "509",
			"name": "Haiti"
		}]
	}]
}, {
	"countryName": "Holy See (Vatican City)",
	"iso2": "VA",
	"iso3": "VAT",
	"phoneCode": "39",
	"available" : "0",
    "county": [{
		"code": "39",
		"name": "Holy See (Vatican City)",
		"subcounty": [{
			"code": "39",
			"name": "Holy See (Vatican City)"
		}]
	}]
}, {
	"countryName": "Honduras",
	"iso2": "HN",
	"iso3": "HND",
	"phoneCode": "504",
	"available" : "0",
    "county": [{
		"code": "504",
		"name": "Honduras",
		"subcounty": [{
			"code": "504",
			"name": "Honduras"
		}]
	}]
}, {
	"countryName": "Hong Kong",
	"iso2": "HK",
	"iso3": "HKG",
	"phoneCode": "852",
	"available" : "0",
    "county": [{
		"code": "852",
		"name": "Hong Kong",
		"subcounty": [{
			"code": "852",
			"name": "Hong Kong"
		}]
	}]
}, {
	"countryName": "Hungary",
	"iso2": "HU",
	"iso3": "HUN",
	"phoneCode": "36",
	"available" : "0",
    "county": [{
		"code": "36",
		"name": "Hungary",
		"subcounty": [{
			"code": "36",
			"name": "Hungary"
		}]
	}]
}, {
	"countryName": "Iceland",
	"iso2": "IS",
	"iso3": "IS",
	"phoneCode": "354",
	"available" : "0",
    "county": [{
		"code": "354",
		"name": "Iceland",
		"subcounty": [{
			"code": "354",
			"name": "Iceland"
		}]
	}]
}, {
	"countryName": "India",
	"iso2": "IN",
	"iso3": "IND",
	"phoneCode": "91",
	"available" : "0",
    "county": [{
		"code": "91",
		"name": "India",
		"subcounty": [{
			"code": "91",
			"name": "India"
		}]
	}]
}, {
	"countryName": "Indonesia",
	"iso2": "ID",
	"iso3": "IDN",
	"phoneCode": "62",
	"available" : "0",
    "county": [{
		"code": "62",
		"name": "Indonesia",
		"subcounty": [{
			"code": "62",
			"name": "Indonesia"
		}]
	}]
}, {
	"countryName": "Iran",
	"iso2": "IR",
	"iso3": "IRN",
	"phoneCode": "98",
	"available" : "0",
    "county": [{
		"code": "98",
		"name": "Iran",
		"subcounty": [{
			"code": "98",
			"name": "Iran"
		}]
	}]
}, {
	"countryName": "Iraq",
	"iso2": "IQ",
	"iso3": "IRQ",
	"phoneCode": "964",
	"available" : "0",
    "county": [{
		"code": "964",
		"name": "Iraq",
		"subcounty": [{
			"code": "964",
			"name": "Iraq"
		}]
	}]
}, {
	"countryName": "Ireland",
	"iso2": "IE",
	"iso3": "IRL",
	"phoneCode": "353",
	"available" : "0",
    "county": [{
		"code": "353",
		"name": "Ireland",
		"subcounty": [{
			"code": "353",
			"name": "Ireland"
		}]
	}]
}, {
	"countryName": "Isle of Man",
	"iso2": "IM",
	"iso3": "IMN",
	"phoneCode": "44",
	"available" : "0",
    "county": [{
		"code": "44",
		"name": "Isle of Man",
		"subcounty": [{
			"code": "44",
			"name": "Isle of Man"
		}]
	}]
}, {
	"countryName": "Israel",
	"iso2": "IL",
	"iso3": "ISR",
	"phoneCode": "972",
	"available" : "0",
    "county": [{
		"code": "972",
		"name": "Israel",
		"subcounty": [{
			"code": "972",
			"name": "Israel"
		}]
	}]
}, {
	"countryName": "Italy",
	"iso2": "IT",
	"iso3": "ITA",
	"phoneCode": "39",
	"available" : "0",
    "county": [{
		"code": "39",
		"name": "Italy",
		"subcounty": [{
			"code": "39",
			"name": "Italy"
		}]
	}]
}, {
	"countryName": "Ivory Coast",
	"iso2": "CI",
	"iso3": "CIV",
	"phoneCode": "225",
	"available" : "0",
    "county": [{
		"code": "225",
		"name": "Ivory Coast",
		"subcounty": [{
			"code": "225",
			"name": "Ivory Coast"
		}]
	}]
}, {
	"countryName": "Jamaica",
	"iso2": "JM",
	"iso3": "JAM",
	"phoneCode": "876",
	"available" : "0",
    "county": [{
		"code": "876",
		"name": "Jamaica",
		"subcounty": [{
			"code": "876",
			"name": "Jamaica"
		}]
	}]
}, {
	"countryName": "Japan",
	"iso2": "JP",
	"iso3": "JPN",
	"phoneCode": "81",
	"available" : "0",
    "county": [{
		"code": "81",
		"name": "Japan",
		"subcounty": [{
			"code": "81",
			"name": "Japan"
		}]
	}]
}, {
	"countryName": "Jersey",
	"iso2": "JE",
	"iso3": "JEY",
	"phoneCode": "JE",
	"available" : "0",
    "county": [{
		"code": "JE",
		"name": "Jersey",
		"subcounty": [{
			"code": "JE",
			"name": "Jersey"
		}]
	}]
}, {
	"countryName": "Jordan",
	"iso2": "JO",
	"iso3": "JOR",
	"phoneCode": "962",
	"available" : "0",
    "county": [{
		"code": "962",
		"name": "Jordan",
		"subcounty": [{
			"code": "962",
			"name": "Jordan"
		}]
	}]
}, {
	"countryName": "Kazakhstan",
	"iso2": "KZ",
	"iso3": "KAZ",
	"phoneCode": "7KZ",
	"available" : "0",
    "county": [{
		"code": "7KZ",
		"name": "Kazakhstan",
		"subcounty": [{
			"code": "7KZ",
			"name": "Kazakhstan"
		}]
	}]
}, {
	"countryName": "Kiribati",
	"iso2": "KI",
	"iso3": "KIR",
	"phoneCode": "686",
	"available" : "0",
    "county": [{
		"code": "686",
		"name": "Kiribati",
		"subcounty": [{
			"code": "686",
			"name": "Kiribati"
		}]
	}]
}, {
	"countryName": "Kosovo",
	"iso2": "",
	"iso3": "",
	"phoneCode": "381",
	"available" : "0",
    "county": [{
		"code": "381",
		"name": "Kosovo",
		"subcounty": [{
			"code": "381",
			"name": "Kosovo"
		}]
	}]
}, {
	"countryName": "Kuwait",
	"iso2": "KW",
	"iso3": "KWT",
	"phoneCode": "965",
	"available" : "0",
    "county": [{
		"code": "965",
		"name": "Kuwait",
		"subcounty": [{
			"code": "965",
			"name": "Kuwait"
		}]
	}]
}, {
	"countryName": "Kyrgyzstan",
	"iso2": "KG",
	"iso3": "KGZ",
	"phoneCode": "996",
	"available" : "0",
    "county": [{
		"code": "996",
		"name": "Kyrgyzstan",
		"subcounty": [{
			"code": "996",
			"name": "Kyrgyzstan"
		}]
	}]
}, {
	"countryName": "Laos",
	"iso2": "LA",
	"iso3": "LAO",
	"phoneCode": "856",
	"available" : "0",
    "county": [{
		"code": "856",
		"name": "Laos",
		"subcounty": [{
			"code": "856",
			"name": "Laos"
		}]
	}]
}, {
	"countryName": "Latvia",
	"iso2": "LV",
	"iso3": "LVA",
	"phoneCode": "371",
	"available" : "0",
    "county": [{
		"code": "371",
		"name": "Latvia",
		"subcounty": [{
			"code": "371",
			"name": "Latvia"
		}]
	}]
}, {
	"countryName": "Lebanon",
	"iso2": "LB",
	"iso3": "LBN",
	"phoneCode": "961",
	"available" : "0",
    "county": [{
		"code": "961",
		"name": "Lebanon",
		"subcounty": [{
			"code": "961",
			"name": "Lebanon"
		}]
	}]
}, {
	"countryName": "Lesotho",
	"iso2": "LS",
	"iso3": "LSO",
	"phoneCode": "266",
	"available" : "0",
    "county": [{
		"code": "266",
		"name": "Lesotho",
		"subcounty": [{
			"code": "266",
			"name": "Lesotho"
		}]
	}]
}, {
	"countryName": "Liberia",
	"iso2": "LR",
	"iso3": "LBR",
	"phoneCode": "231",
	"available" : "0",
    "county": [{
		"code": "231",
		"name": "Liberia",
		"subcounty": [{
			"code": "231",
			"name": "Liberia"
		}]
	}]
}, {
	"countryName": "Libya",
	"iso2": "LY",
	"iso3": "LBY",
	"phoneCode": "218",
	"available" : "0",
    "county": [{
		"code": "218",
		"name": "Libya",
		"subcounty": [{
			"code": "218",
			"name": "Libya"
		}]
	}]
}, {
	"countryName": "Liechtenstein",
	"iso2": "LI",
	"iso3": "LIE",
	"phoneCode": "423",
	"available" : "0",
    "county": [{
		"code": "423",
		"name": "Liechtenstein",
		"subcounty": [{
			"code": "423",
			"name": "Liechtenstein"
		}]
	}]
}, {
	"countryName": "Lithuania",
	"iso2": "LT",
	"iso3": "LTU",
	"phoneCode": "370",
	"available" : "0",
    "county": [{
		"code": "370",
		"name": "Lithuania",
		"subcounty": [{
			"code": "370",
			"name": "Lithuania"
		}]
	}]
}, {
	"countryName": "Luxembourg",
	"iso2": "LU",
	"iso3": "LUX",
	"phoneCode": "352",
	"available" : "0",
    "county": [{
		"code": "352",
		"name": "Luxembourg",
		"subcounty": [{
			"code": "352",
			"name": "Luxembourg"
		}]
	}]
}, {
	"countryName": "Macau",
	"iso2": "MO",
	"iso3": "MAC",
	"phoneCode": "853",
	"available" : "0",
    "county": [{
		"code": "853",
		"name": "Macau",
		"subcounty": [{
			"code": "853",
			"name": "Macau"
		}]
	}]
}, {
	"countryName": "Macedonia",
	"iso2": "MK",
	"iso3": "MKD",
	"phoneCode": "389",
	"available" : "0",
    "county": [{
		"code": "389",
		"name": "Macedonia",
		"subcounty": [{
			"code": "389",
			"name": "Macedonia"
		}]
	}]
}, {
	"countryName": "Madagascar",
	"iso2": "MG",
	"iso3": "MDG",
	"phoneCode": "261",
	"available" : "0",
    "county": [{
		"code": "261",
		"name": "Madagascar",
		"subcounty": [{
			"code": "261",
			"name": "Madagascar"
		}]
	}]
}, {
	"countryName": "Malawi",
	"iso2": "MW",
	"iso3": "MWI",
	"phoneCode": "265",
	"available" : "0",
    "county": [{
		"code": "265",
		"name": "Malawi",
		"subcounty": [{
			"code": "265",
			"name": "Malawi"
		}]
	}]
}, {
	"countryName": "Malaysia",
	"iso2": "MY",
	"iso3": "MYS",
	"phoneCode": "60",
	"available" : "0",
    "county": [{
		"code": "60",
		"name": "Malaysia",
		"subcounty": [{
			"code": "60",
			"name": "Malaysia"
		}]
	}]
}, {
	"countryName": "Maldives",
	"iso2": "MV",
	"iso3": "MDV",
	"phoneCode": "960",
	"available" : "0",
    "county": [{
		"code": "960",
		"name": "Maldives",
		"subcounty": [{
			"code": "960",
			"name": "Maldives"
		}]
	}]
}, {
	"countryName": "Mali",
	"iso2": "ML",
	"iso3": "MLI",
	"phoneCode": "223",
	"available" : "0",
    "county": [{
		"code": "223",
		"name": "Mali",
		"subcounty": [{
			"code": "223",
			"name": "Mali"
		}]
	}]
}, {
	"countryName": "Malta",
	"iso2": "MT",
	"iso3": "MLT",
	"phoneCode": "356",
	"available" : "0",
    "county": [{
		"code": "356",
		"name": "Malta",
		"subcounty": [{
			"code": "356",
			"name": "Malta"
		}]
	}]
}, {
	"countryName": "Marshall Islands",
	"iso2": "MH",
	"iso3": "MHL",
	"phoneCode": "692",
	"available" : "0",
    "county": [{
		"code": "692",
		"name": "Marshall Islands",
		"subcounty": [{
			"code": "692",
			"name": "Marshall Islands"
		}]
	}]
}, {
	"countryName": "Mauritania",
	"iso2": "MR",
	"iso3": "MRT",
	"phoneCode": "222",
	"available" : "0",
    "county": [{
		"code": "222",
		"name": "Mauritania",
		"subcounty": [{
			"code": "222",
			"name": "Mauritania"
		}]
	}]
}, {
	"countryName": "Mauritius",
	"iso2": "MU",
	"iso3": "MUS",
	"phoneCode": "230",
	"available" : "0",
    "county": [{
		"code": "230",
		"name": "Mauritius",
		"subcounty": [{
			"code": "230",
			"name": "Mauritius"
		}]
	}]
}, {
	"countryName": "Mayotte",
	"iso2": "YT",
	"iso3": "MYT",
	"phoneCode": "262",
	"available" : "0",
    "county": [{
		"code": "262",
		"name": "Mayotte",
		"subcounty": [{
			"code": "262",
			"name": "Mayotte"
		}]
	}]
}, {
	"countryName": "Mexico",
	"iso2": "MX",
	"iso3": "MEX",
	"phoneCode": "52",
	"available" : "0",
    "county": [{
		"code": "52",
		"name": "Mexico",
		"subcounty": [{
			"code": "52",
			"name": "Mexico"
		}]
	}]
}, {
	"countryName": "Micronesia",
	"iso2": "FM",
	"iso3": "FSM",
	"phoneCode": "691",
	"available" : "0",
    "county": [{
		"code": "691",
		"name": "Micronesia",
		"subcounty": [{
			"code": "691",
			"name": "Micronesia"
		}]
	}]
}, {
	"countryName": "Moldova",
	"iso2": "MD",
	"iso3": "MDA",
	"phoneCode": "373",
	"available" : "0",
    "county": [{
		"code": "373",
		"name": "Moldova",
		"subcounty": [{
			"code": "373",
			"name": "Moldova"
		}]
	}]
}, {
	"countryName": "Monaco",
	"iso2": "MC",
	"iso3": "MCO",
	"phoneCode": "377",
	"available" : "0",
    "county": [{
		"code": "377",
		"name": "Monaco",
		"subcounty": [{
			"code": "377",
			"name": "Monaco"
		}]
	}]
}, {
	"countryName": "Mongolia",
	"iso2": "MN",
	"iso3": "MNG",
	"phoneCode": "976",
	"available" : "0",
    "county": [{
		"code": "976",
		"name": "Mongolia",
		"subcounty": [{
			"code": "976",
			"name": "Mongolia"
		}]
	}]
}, {
	"countryName": "Montenegro",
	"iso2": "ME",
	"iso3": "MNE",
	"phoneCode": "382",
	"available" : "0",
    "county": [{
		"code": "382",
		"name": "Montenegro",
		"subcounty": [{
			"code": "382",
			"name": "Montenegro"
		}]
	}]
}, {
	"countryName": "Montserrat",
	"iso2": "MS",
	"iso3": "MSR",
	"phoneCode": "664",
	"available" : "0",
    "county": [{
		"code": "664",
		"name": "Montserrat",
		"subcounty": [{
			"code": "664",
			"name": "Montserrat"
		}]
	}]
}, {
	"countryName": "Morocco",
	"iso2": "MA",
	"iso3": "MAR",
	"phoneCode": "212",
	"available" : "0",
    "county": [{
		"code": "212",
		"name": "Morocco",
		"subcounty": [{
			"code": "212",
			"name": "Morocco"
		}]
	}]
}, {
	"countryName": "Mozambique",
	"iso2": "MZ",
	"iso3": "MOZ",
	"phoneCode": "258",
	"available" : "0",
    "county": [{
		"code": "258",
		"name": "Mozambique",
		"subcounty": [{
			"code": "258",
			"name": "Mozambique"
		}]
	}]
}, {
	"countryName": "Namibia",
	"iso2": "NA",
	"iso3": "NAM",
	"phoneCode": "264",
	"available" : "0",
    "county": [{
		"code": "264",
		"name": "Namibia",
		"subcounty": [{
			"code": "264",
			"name": "Namibia"
		}]
	}]
}, {
	"countryName": "Nauru",
	"iso2": "NR",
	"iso3": "NRU",
	"phoneCode": "674",
	"available" : "0",
    "county": [{
		"code": "674",
		"name": "Nauru",
		"subcounty": [{
			"code": "674",
			"name": "Nauru"
		}]
	}]
}, {
	"countryName": "Nepal",
	"iso2": "NP",
	"iso3": "NPL",
	"phoneCode": "977",
	"available" : "0",
    "county": [{
		"code": "977",
		"name": "Nepal",
		"subcounty": [{
			"code": "977",
			"name": "Nepal"
		}]
	}]
}, {
	"countryName": "Netherlands",
	"iso2": "NL",
	"iso3": "NLD",
	"phoneCode": "31",
	"available" : "0",
    "county": [{
		"code": "31",
		"name": "Netherlands",
		"subcounty": [{
			"code": "31",
			"name": "Netherlands"
		}]
	}]
}, {
	"countryName": "Netherlands Antilles",
	"iso2": "AN",
	"iso3": "ANT",
	"phoneCode": "599",
	"available" : "0",
    "county": [{
		"code": "599",
		"name": "Netherlands Antilles",
		"subcounty": [{
			"code": "599",
			"name": "Netherlands Antilles"
		}]
	}]
}, {
	"countryName": "New Caledonia",
	"iso2": "NC",
	"iso3": "NCL",
	"phoneCode": "687",
	"available" : "0",
    "county": [{
		"code": "687",
		"name": "New Caledonia",
		"subcounty": [{
			"code": "687",
			"name": "New Caledonia"
		}]
	}]
}, {
	"countryName": "New Zealand",
	"iso2": "NZ",
	"iso3": "NZL",
	"phoneCode": "64",
	"available" : "0",
    "county": [{
		"code": "64",
		"name": "New Zealand",
		"subcounty": [{
			"code": "64",
			"name": "New Zealand"
		}]
	}]
}, {
	"countryName": "Nicaragua",
	"iso2": "NI",
	"iso3": "NIC",
	"phoneCode": "505",
	"available" : "0",
    "county": [{
		"code": "505",
		"name": "Nicaragua",
		"subcounty": [{
			"code": "505",
			"name": "Nicaragua"
		}]
	}]
}, {
	"countryName": "Niger",
	"iso2": "NE",
	"iso3": "NER",
	"phoneCode": "227",
	"available" : "0",
    "county": [{
		"code": "227",
		"name": "Niger",
		"subcounty": [{
			"code": "227",
			"name": "Niger"
		}]
	}]
}, {
	"countryName": "Nigeria",
	"iso2": "NG",
	"iso3": "NGA",
	"phoneCode": "234",
	"available" : "0",
    "county": [{
		"code": "234",
		"name": "Nigeria",
		"subcounty": [{
			"code": "234",
			"name": "Nigeria"
		}]
	}]
}, {
	"countryName": "Niue",
	"iso2": "NU",
	"iso3": "NIU",
	"phoneCode": "683",
	"available" : "0",
    "county": [{
		"code": "683",
		"name": "Niue",
		"subcounty": [{
			"code": "683",
			"name": "Niue"
		}]
	}]
}, {
	"countryName": "Norfolk Island",
	"iso2": "",
	"iso3": "NFK",
	"phoneCode": "672",
	"available" : "0",
    "county": [{
		"code": "672",
		"name": "Norfolk Island",
		"subcounty": [{
			"code": "672",
			"name": "Norfolk Island"
		}]
	}]
}, {
	"countryName": "North Korea",
	"iso2": "KP",
	"iso3": "PRK",
	"phoneCode": "850",
	"available" : "0",
    "county": [{
		"code": "850",
		"name": "North Korea",
		"subcounty": [{
			"code": "850",
			"name": "North Korea"
		}]
	}]
}, {
	"countryName": "Northern Mariana Islands",
	"iso2": "MP",
	"iso3": "MNP",
	"phoneCode": "670",
	"available" : "0",
    "county": [{
		"code": "670",
		"name": "Northern Mariana Islands",
		"subcounty": [{
			"code": "670",
			"name": "Northern Mariana Islands"
		}]
	}]
}, {
	"countryName": "Norway",
	"iso2": "NO",
	"iso3": "NOR",
	"phoneCode": "47",
	"available" : "0",
    "county": [{
		"code": "47",
		"name": "Norway",
		"subcounty": [{
			"code": "47",
			"name": "Norway"
		}]
	}]
}, {
	"countryName": "Oman",
	"iso2": "OM",
	"iso3": "OMN",
	"phoneCode": "968",
	"available" : "0",
    "county": [{
		"code": "968",
		"name": "Oman",
		"subcounty": [{
			"code": "968",
			"name": "Oman"
		}]
	}]
}, {
	"countryName": "Pakistan",
	"iso2": "PK",
	"iso3": "PAK",
	"phoneCode": "92",
	"available" : "0",
    "county": [{
		"code": "92",
		"name": "Pakistan",
		"subcounty": [{
			"code": "92",
			"name": "Pakistan"
		}]
	}]
}, {
	"countryName": "Palau",
	"iso2": "PW",
	"iso3": "PLW",
	"phoneCode": "680",
	"available" : "0",
    "county": [{
		"code": "680",
		"name": "Palau",
		"subcounty": [{
			"code": "680",
			"name": "Palau"
		}]
	}]
}, {
	"countryName": "Panama",
	"iso2": "PA",
	"iso3": "PAN",
	"phoneCode": "507",
	"available" : "0",
    "county": [{
		"code": "507",
		"name": "Panama",
		"subcounty": [{
			"code": "507",
			"name": "Panama"
		}]
	}]
}, {
	"countryName": "Papua New Guinea",
	"iso2": "PG",
	"iso3": "PNG",
	"phoneCode": "675",
	"available" : "0",
    "county": [{
		"code": "675",
		"name": "Papua New Guinea",
		"subcounty": [{
			"code": "675",
			"name": "Papua New Guinea"
		}]
	}]
}, {
	"countryName": "Paraguay",
	"iso2": "PY",
	"iso3": "PRY",
	"phoneCode": "595",
	"available" : "0",
    "county": [{
		"code": "595",
		"name": "Paraguay",
		"subcounty": [{
			"code": "595",
			"name": "Paraguay"
		}]
	}]
}, {
	"countryName": "Peru",
	"iso2": "PE",
	"iso3": "PER",
	"phoneCode": "51",
	"available" : "0",
    "county": [{
		"code": "51",
		"name": "Peru",
		"subcounty": [{
			"code": "51",
			"name": "Peru"
		}]
	}]
}, {
	"countryName": "Philippines",
	"iso2": "PH",
	"iso3": "PHL",
	"phoneCode": "63",
	"available" : "0",
    "county": [{
		"code": "63",
		"name": "Philippines",
		"subcounty": [{
			"code": "63",
			"name": "Philippines"
		}]
	}]
}, {
	"countryName": "Pitcairn Islands",
	"iso2": "PN",
	"iso3": "PCN",
	"phoneCode": "870",
	"available" : "0",
    "county": [{
		"code": "870",
		"name": "Pitcairn Islands",
		"subcounty": [{
			"code": "870",
			"name": "Pitcairn Islands"
		}]
	}]
}, {
	"countryName": "Poland",
	"iso2": "PL",
	"iso3": "POL",
	"phoneCode": "48",
	"available" : "0",
    "county": [{
		"code": "48",
		"name": "Poland",
		"subcounty": [{
			"code": "48",
			"name": "Poland"
		}]
	}]
}, {
	"countryName": "Portugal",
	"iso2": "PT",
	"iso3": "PRT",
	"phoneCode": "351",
	"available" : "0",
    "county": [{
		"code": "351",
		"name": "Portugal",
		"subcounty": [{
			"code": "351",
			"name": "Portugal"
		}]
	}]
}, {
	"countryName": "Puerto Rico",
	"iso2": "PR",
	"iso3": "PRI",
	"phoneCode": "1PR",
	"available" : "0",
    "county": [{
		"code": "1PR",
		"name": "Puerto Rico",
		"subcounty": [{
			"code": "1PR",
			"name": "Puerto Rico"
		}]
	}]
}, {
	"countryName": "Qatar",
	"iso2": "QA",
	"iso3": "QAT",
	"phoneCode": "974",
	"available" : "0",
    "county": [{
		"code": "974",
		"name": "Qatar",
		"subcounty": [{
			"code": "974",
			"name": "Qatar"
		}]
	}]
}, {
	"countryName": "Republic of the Congo",
	"iso2": "CG",
	"iso3": "COG",
	"phoneCode": "242",
	"available" : "0",
    "county": [{
		"code": "242",
		"name": "Republic of the Congo",
		"subcounty": [{
			"code": "242",
			"name": "Republic of the Congo"
		}]
	}]
}, {
	"countryName": "Romania",
	"iso2": "RO",
	"iso3": "ROU",
	"phoneCode": "40",
	"available" : "0",
    "county": [{
		"code": "40",
		"name": "Romania",
		"subcounty": [{
			"code": "40",
			"name": "Romania"
		}]
	}]
}, {
	"countryName": "Russia",
	"iso2": "RU",
	"iso3": "RUS",
	"phoneCode": "7",
	"available" : "0",
    "county": [{
		"code": "7",
		"name": "Russia",
		"subcounty": [{
			"code": "7",
			"name": "Russia"
		}]
	}]
}, {
	"countryName": "Rwanda",
	"iso2": "RW",
	"iso3": "RWA",
	"phoneCode": "250",
	"available" : "0",
    "county": [{
		"code": "250",
		"name": "Rwanda",
		"subcounty": [{
			"code": "250",
			"name": "Rwanda"
		}]
	}]
}, {
	"countryName": "Saint Barthelemy",
	"iso2": "BL",
	"iso3": "BLM",
	"phoneCode": "590",
	"available" : "0",
    "county": [{
		"code": "590",
		"name": "Saint Barthelemy",
		"subcounty": [{
			"code": "590",
			"name": "Saint Barthelemy"
		}]
	}]
}, {
	"countryName": "Saint Helena",
	"iso2": "SH",
	"iso3": "SHN",
	"phoneCode": "290",
	"available" : "0",
    "county": [{
		"code": "290",
		"name": "Saint Helena",
		"subcounty": [{
			"code": "290",
			"name": "Saint Helena"
		}]
	}]
}, {
	"countryName": "Saint Kitts and Nevis",
	"iso2": "KN",
	"iso3": "KNA",
	"phoneCode": "869",
	"available" : "0",
    "county": [{
		"code": "869",
		"name": "Saint Kitts and Nevis",
		"subcounty": [{
			"code": "869",
			"name": "Saint Kitts and Nevis"
		}]
	}]
}, {
	"countryName": "Saint Lucia",
	"iso2": "LC",
	"iso3": "LCA",
	"phoneCode": "758",
	"available" : "0",
    "county": [{
		"code": "758",
		"name": "Saint Lucia",
		"subcounty": [{
			"code": "758",
			"name": "Saint Lucia"
		}]
	}]
}, {
	"countryName": "Saint Martin",
	"iso2": "MF",
	"iso3": "MAF",
	"phoneCode": "599",
	"available" : "0",
    "county": [{
		"code": "599",
		"name": "Saint Martin",
		"subcounty": [{
			"code": "599",
			"name": "Saint Martin"
		}]
	}]
}, {
	"countryName": "Saint Pierre and Miquelon",
	"iso2": "PM",
	"iso3": "SPM",
	"phoneCode": "508",
	"available" : "0",
    "county": [{
		"code": "508",
		"name": "Saint Pierre and Miquelon",
		"subcounty": [{
			"code": "508",
			"name": "Saint Pierre and Miquelon"
		}]
	}]
}, {
	"countryName": "Saint Vincent and the Grenadines",
	"iso2": "VC",
	"iso3": "VCT",
	"phoneCode": "784",
	"available" : "0",
    "county": [{
		"code": "784",
		"name": "Saint Vincent and the Grenadines",
		"subcounty": [{
			"code": "784",
			"name": "Saint Vincent and the Grenadines"
		}]
	}]
}, {
	"countryName": "Samoa",
	"iso2": "WS",
	"iso3": "WSM",
	"phoneCode": "685",
	"available" : "0",
    "county": [{
		"code": "685",
		"name": "Samoa",
		"subcounty": [{
			"code": "685",
			"name": "Samoa"
		}]
	}]
}, {
	"countryName": "San Marino",
	"iso2": "SM",
	"iso3": "SMR",
	"phoneCode": "378",
	"available" : "0",
    "county": [{
		"code": "378",
		"name": "San Marino",
		"subcounty": [{
			"code": "378",
			"name": "San Marino"
		}]
	}]
}, {
	"countryName": "Sao Tome and Principe",
	"iso2": "ST",
	"iso3": "STP",
	"phoneCode": "239",
	"available" : "0",
    "county": [{
		"code": "239",
		"name": "Sao Tome and Principe",
		"subcounty": [{
			"code": "239",
			"name": "Sao Tome and Principe"
		}]
	}]
}, {
	"countryName": "Saudi Arabia",
	"iso2": "SA",
	"iso3": "SAU",
	"phoneCode": "966",
	"available" : "0",
    "county": [{
		"code": "966",
		"name": "Saudi Arabia",
		"subcounty": [{
			"code": "966",
			"name": "Saudi Arabia"
		}]
	}]
}, {
	"countryName": "Senegal",
	"iso2": "SN",
	"iso3": "SEN",
	"phoneCode": "221",
	"available" : "0",
    "county": [{
		"code": "221",
		"name": "Senegal",
		"subcounty": [{
			"code": "221",
			"name": "Senegal"
		}]
	}]
}, {
	"countryName": "Serbia",
	"iso2": "RS",
	"iso3": "SRB",
	"phoneCode": "381",
	"available" : "0",
    "county": [{
		"code": "381",
		"name": "Serbia",
		"subcounty": [{
			"code": "381",
			"name": "Serbia"
		}]
	}]
}, {
	"countryName": "Seychelles",
	"iso2": "SC",
	"iso3": "SYC",
	"phoneCode": "248",
	"available" : "0",
    "county": [{
		"code": "248",
		"name": "Seychelles",
		"subcounty": [{
			"code": "248",
			"name": "Seychelles"
		}]
	}]
}, {
	"countryName": "Sierra Leone",
	"iso2": "SL",
	"iso3": "SLE",
	"phoneCode": "232",
	"available" : "0",
    "county": [{
		"code": "232",
		"name": "Sierra Leone",
		"subcounty": [{
			"code": "232",
			"name": "Sierra Leone"
		}]
	}]
}, {
	"countryName": "Singapore",
	"iso2": "SG",
	"iso3": "SGP",
	"phoneCode": "65",
	"available" : "0",
    "county": [{
		"code": "65",
		"name": "Singapore",
		"subcounty": [{
			"code": "65",
			"name": "Singapore"
		}]
	}]
}, {
	"countryName": "Slovakia",
	"iso2": "SK",
	"iso3": "SVK",
	"phoneCode": "421",
	"available" : "0",
    "county": [{
		"code": "421",
		"name": "Slovakia",
		"subcounty": [{
			"code": "421",
			"name": "Slovakia"
		}]
	}]
}, {
	"countryName": "Slovenia",
	"iso2": "SI",
	"iso3": "SVN",
	"phoneCode": "386",
	"available" : "0",
    "county": [{
		"code": "386",
		"name": "Slovenia",
		"subcounty": [{
			"code": "386",
			"name": "Slovenia"
		}]
	}]
}, {
	"countryName": "Solomon Islands",
	"iso2": "SB",
	"iso3": "SLB",
	"phoneCode": "677",
	"available" : "0",
    "county": [{
		"code": "677",
		"name": "Solomon Islands",
		"subcounty": [{
			"code": "677",
			"name": "Solomon Islands"
		}]
	}]
}, {
	"countryName": "Somalia",
	"iso2": "SO",
	"iso3": "SOM",
	"phoneCode": "252",
	"available" : "0",
    "county": [{
		"code": "252",
		"name": "Somalia",
		"subcounty": [{
			"code": "252",
			"name": "Somalia"
		}]
	}]
}, {
	"countryName": "South Africa",
	"iso2": "ZA",
	"iso3": "ZAF",
	"phoneCode": "27",
	"available" : "0",
    "county": [{
		"code": "27",
		"name": "South Africa",
		"subcounty": [{
			"code": "27",
			"name": "South Africa"
		}]
	}]
}, {
	"countryName": "South Korea",
	"iso2": "KR",
	"iso3": "KOR",
	"phoneCode": "82",
	"available" : "0",
    "county": [{
		"code": "82",
		"name": "South Korea",
		"subcounty": [{
			"code": "82",
			"name": "South Korea"
		}]
	}]
}, {
	"countryName": "Spain",
	"iso2": "ES",
	"iso3": "ESP",
	"phoneCode": "34",
	"available" : "0",
    "county": [{
		"code": "34",
		"name": "Spain",
		"subcounty": [{
			"code": "34",
			"name": "Spain"
		}]
	}]
}, {
	"countryName": "Sri Lanka",
	"iso2": "LK",
	"iso3": "LKA",
	"phoneCode": "94",
	"available" : "0",
    "county": [{
		"code": "94",
		"name": "Sri Lanka",
		"subcounty": [{
			"code": "94",
			"name": "Sri Lanka"
		}]
	}]
}, {
	"countryName": "Sudan",
	"iso2": "SD",
	"iso3": "SDN",
	"phoneCode": "249",
	"available" : "0",
    "county": [{
		"code": "249",
		"name": "Sudan",
		"subcounty": [{
			"code": "249",
			"name": "Sudan"
		}]
	}]
}, {
	"countryName": "South Sudan",
	"iso2": "SS",
	"iso3": "SS",
	"phoneCode": "211",
	"available" : "0",
    "county": [{
		"code": "211",
		"name": "South Sudan",
		"subcounty": [{
			"code": "211",
			"name": "South Sudan"
		}]
	}]
}, {
	"countryName": "Suriname",
	"iso2": "SR",
	"iso3": "SUR",
	"phoneCode": "597",
	"available" : "0",
    "county": [{
		"code": "597",
		"name": "Suriname",
		"subcounty": [{
			"code": "597",
			"name": "Suriname"
		}]
	}]
}, {
	"countryName": "Svalbard",
	"iso2": "SJ",
	"iso3": "SJM",
	"phoneCode": "SJ",
	"available" : "0",
    "county": [{
		"code": "SJ",
		"name": "Svalbard",
		"subcounty": [{
			"code": "SJ",
			"name": "Svalbard"
		}]
	}]
}, {
	"countryName": "Swaziland",
	"iso2": "SZ",
	"iso3": "SWZ",
	"phoneCode": "268",
	"available" : "0",
    "county": [{
		"code": "268",
		"name": "Swaziland",
		"subcounty": [{
			"code": "268",
			"name": "Swaziland"
		}]
	}]
}, {
	"countryName": "Sweden",
	"iso2": "SE",
	"iso3": "SWE",
	"phoneCode": "46",
	"available" : "0",
    "county": [{
		"code": "46",
		"name": "Sweden",
		"subcounty": [{
			"code": "46",
			"name": "Sweden"
		}]
	}]
}, {
	"countryName": "Switzerland",
	"iso2": "CH",
	"iso3": "CHE",
	"phoneCode": "41",
	"available" : "0",
    "county": [{
		"code": "41",
		"name": "Switzerland",
		"subcounty": [{
			"code": "41",
			"name": "Switzerland"
		}]
	}]
}, {
	"countryName": "Syria",
	"iso2": "SY",
	"iso3": "SYR",
	"phoneCode": "963",
	"available" : "0",
    "county": [{
		"code": "963",
		"name": "Syria",
		"subcounty": [{
			"code": "963",
			"name": "Syria"
		}]
	}]
}, {
	"countryName": "Taiwan",
	"iso2": "TW",
	"iso3": "TWN",
	"phoneCode": "886",
	"available" : "0",
    "county": [{
		"code": "886",
		"name": "Taiwan",
		"subcounty": [{
			"code": "886",
			"name": "Taiwan"
		}]
	}]
}, {
	"countryName": "Tajikistan",
	"iso2": "TJ",
	"iso3": "TJK",
	"phoneCode": "992",
	"available" : "0",
    "county": [{
		"code": "992",
		"name": "Tajikistan",
		"subcounty": [{
			"code": "992",
			"name": "Tajikistan"
		}]
	}]
}, {
	"countryName": "Tanzania",
	"iso2": "TZ",
	"iso3": "TZA",
	"phoneCode": "255",
	"available" : "0",
    "county": [{
		"code": "255",
		"name": "Tanzania",
		"subcounty": [{
			"code": "255",
			"name": "Tanzania"
		}]
	}]
}, {
	"countryName": "Thailand",
	"iso2": "TH",
	"iso3": "THA",
	"phoneCode": "66",
	"available" : "0",
    "county": [{
		"code": "66",
		"name": "Thailand",
		"subcounty": [{
			"code": "66",
			"name": "Thailand"
		}]
	}]
}, {
	"countryName": "Timor-Leste",
	"iso2": "TL",
	"iso3": "TLS",
	"phoneCode": "670",
	"available" : "0",
    "county": [{
		"code": "670",
		"name": "Timor-Leste",
		"subcounty": [{
			"code": "670",
			"name": "Timor-Leste"
		}]
	}]
}, {
	"countryName": "Togo",
	"iso2": "TG",
	"iso3": "TGO",
	"phoneCode": "228",
	"available" : "0",
    "county": [{
		"code": "228",
		"name": "Togo",
		"subcounty": [{
			"code": "228",
			"name": "Togo"
		}]
	}]
}, {
	"countryName": "Tokelau",
	"iso2": "TK",
	"iso3": "TKL",
	"phoneCode": "690",
	"available" : "0",
    "county": [{
		"code": "690",
		"name": "Tokelau",
		"subcounty": [{
			"code": "690",
			"name": "Tokelau"
		}]
	}]
}, {
	"countryName": "Tonga",
	"iso2": "TO",
	"iso3": "TON",
	"phoneCode": "676",
	"available" : "0",
    "county": [{
		"code": "676",
		"name": "Tonga",
		"subcounty": [{
			"code": "676",
			"name": "Tonga"
		}]
	}]
}, {
	"countryName": "Trinidad and Tobago",
	"iso2": "TT",
	"iso3": "TTO",
	"phoneCode": "868",
	"available" : "0",
    "county": [{
		"code": "868",
		"name": "Trinidad and Tobago",
		"subcounty": [{
			"code": "868",
			"name": "Trinidad and Tobago"
		}]
	}]
}, {
	"countryName": "Tunisia",
	"iso2": "TN",
	"iso3": "TUN",
	"phoneCode": "216",
	"available" : "0",
    "county": [{
		"code": "216",
		"name": "Tunisia",
		"subcounty": [{
			"code": "216",
			"name": "Tunisia"
		}]
	}]
}, {
	"countryName": "Turkey",
	"iso2": "TR",
	"iso3": "TUR",
	"phoneCode": "90",
	"available" : "0",
    "county": [{
		"code": "90",
		"name": "Turkey",
		"subcounty": [{
			"code": "90",
			"name": "Turkey"
		}]
	}]
}, {
	"countryName": "Turkmenistan",
	"iso2": "TM",
	"iso3": "TKM",
	"phoneCode": "993",
	"available" : "0",
    "county": [{
		"code": "993",
		"name": "Turkmenistan",
		"subcounty": [{
			"code": "993",
			"name": "Turkmenistan"
		}]
	}]
}, {
	"countryName": "Turks and Caicos Islands",
	"iso2": "TC",
	"iso3": "TCA",
	"phoneCode": "649",
	"available" : "0",
    "county": [{
		"code": "649",
		"name": "Turks and Caicos Islands",
		"subcounty": [{
			"code": "649",
			"name": "Turks and Caicos Islands"
		}]
	}]
}, {
	"countryName": "Tuvalu",
	"iso2": "TV",
	"iso3": "TUV",
	"phoneCode": "688",
	"available" : "0",
    "county": [{
		"code": "688",
		"name": "Tuvalu",
		"subcounty": [{
			"code": "688",
			"name": "Tuvalu"
		}]
	}]
}, {
	"countryName": "Uganda",
	"iso2": "UG",
	"iso3": "UGA",
	"phoneCode": "256",
	"available" : "0",
    "county": [{
		"code": "256",
		"name": "Uganda",
		"subcounty": [{
			"code": "256",
			"name": "Uganda"
		}]
	}]
}, {
	"countryName": "Ukraine",
	"iso2": "UA",
	"iso3": "UKR",
	"phoneCode": "380",
	"available" : "0",
    "county": [{
		"code": "380",
		"name": "Ukraine",
		"subcounty": [{
			"code": "380",
			"name": "Ukraine"
		}]
	}]
}, {
	"countryName": "United Arab Emirates",
	"iso2": "AE",
	"iso3": "ARE",
	"phoneCode": "971",
	"available" : "0",
    "county": [{
		"code": "971",
		"name": "United Arab Emirates",
		"subcounty": [{
			"code": "971",
			"name": "United Arab Emirates"
		}]
	}]
}, {
	"countryName": "United Kingdom",
	"iso2": "GB",
	"iso3": "GBR",
	"phoneCode": "44",
	"available" : "0",
    "county": [{
		"code": "44",
		"name": "United Kingdom",
		"subcounty": [{
			"code": "44",
			"name": "United Kingdom"
		}]
	}]
}, {
	"countryName": "United States",
	"iso2": "US",
	"iso3": "USA",
	"phoneCode": "1",
	"available" : "0",
    "county": [{
		"code": "1",
		"name": "United States",
		"subcounty": [{
			"code": "1",
			"name": "United States"
		}]
	}]
}, {
	"countryName": "Uruguay",
	"iso2": "UY",
	"iso3": "URY",
	"phoneCode": "598",
	"available" : "0",
    "county": [{
		"code": "598",
		"name": "Uruguay",
		"subcounty": [{
			"code": "598",
			"name": "Uruguay"
		}]
	}]
}, {
	"countryName": "US Virgin Islands",
	"iso2": "VI",
	"iso3": "VIR",
	"phoneCode": "340",
	"available" : "0",
    "county": [{
		"code": "340",
		"name": "US Virgin Islands",
		"subcounty": [{
			"code": "340",
			"name": "US Virgin Islands"
		}]
	}]
}, {
	"countryName": "Uzbekistan",
	"iso2": "UZ",
	"iso3": "UZB",
	"phoneCode": "998",
	"available" : "0",
    "county": [{
		"code": "998",
		"name": "Uzbekistan",
		"subcounty": [{
			"code": "998",
			"name": "Uzbekistan"
		}]
	}]
}, {
	"countryName": "Vanuatu",
	"iso2": "VU",
	"iso3": "VUT",
	"phoneCode": "678",
	"available" : "0",
    "county": [{
		"code": "678",
		"name": "Vanuatu",
		"subcounty": [{
			"code": "678",
			"name": "Vanuatu"
		}]
	}]
}, {
	"countryName": "Venezuela",
	"iso2": "VE",
	"iso3": "VEN",
	"phoneCode": "58",
	"available" : "0",
    "county": [{
		"code": "58",
		"name": "Venezuela",
		"subcounty": [{
			"code": "58",
			"name": "Venezuela"
		}]
	}]
}, {
	"countryName": "Vietnam",
	"iso2": "VN",
	"iso3": "VNM",
	"phoneCode": "84",
	"available" : "0",
    "county": [{
		"code": "84",
		"name": "Vietnam",
		"subcounty": [{
			"code": "84",
			"name": "Vietnam"
		}]
	}]
}, {
	"countryName": "Wallis and Futuna",
	"iso2": "WF",
	"iso3": "WLF",
	"phoneCode": "681",
	"available" : "0",
    "county": [{
		"code": "681",
		"name": "Wallis and Futuna",
		"subcounty": [{
			"code": "681",
			"name": "Wallis and Futuna"
		}]
	}]
}, {
	"countryName": "West Bank",
	"iso2": "",
	"iso3": "",
	"phoneCode": "970",
	"available" : "0",
    "county": [{
		"code": "970",
		"name": "West Bank",
		"subcounty": [{
			"code": "970",
			"name": "West Bank"
		}]
	}]
}, {
	"countryName": "Western Sahara",
	"iso2": "EH",
	"iso3": "ESH",
	"phoneCode": "EH",
	"available" : "0",
    "county": [{
		"code": "EH",
		"name": "Western Sahara",
		"subcounty": [{
			"code": "EH",
			"name": "Western Sahara"
		}]
	}]
}, {
	"countryName": "Yemen",
	"iso2": "YE",
	"iso3": "YEM",
	"phoneCode": "967",
	"available" : "0",
    "county": [{
		"code": "967",
		"name": "Yemen",
		"subcounty": [{
			"code": "967",
			"name": "Yemen"
		}]
	}]
}, {
	"countryName": "Zambia",
	"iso2": "ZM",
	"iso3": "ZMB",
	"phoneCode": "260",
	"available" : "0",
    "county": [{
		"code": "260",
		"name": "Zambia",
		"subcounty": [{
			"code": "260",
			"name": "Zambia"
		}]
	}]
}, {
	"countryName": "Zimbabwe",
	"iso2": "ZW",
	"iso3": "ZWE",
	"phoneCode": "263",
		"available" : "0",
    "county": [{
			"code": "263",
			"name": "Zimbabwe",
			"subcounty": [{
				"code": "263",
				"name": "Zimbabwe"
			}]
		}]
}]
 
